{
	"vertices": [[0.5,0,2.4270509831248424],[0.5,0,-2.4270509831248424],[-0.5,0,2.4270509831248424],[-0.5,0,-2.4270509831248424],[2.4270509831248424,0.5,0],[2.4270509831248424,-0.5,0],[-2.4270509831248424,0.5,0],[-2.4270509831248424,-0.5,0],[0,2.4270509831248424,0.5],[0,2.4270509831248424,-0.5],[0,-2.4270509831248424,0.5],[0,-2.4270509831248424,-0.5],[1,0.8090169943749475,2.118033988749895],[1,0.8090169943749475,-2.118033988749895],[1,-0.8090169943749475,2.118033988749895],[1,-0.8090169943749475,-2.118033988749895],[-1,0.8090169943749475,2.118033988749895],[-1,0.8090169943749475,-2.118033988749895],[-1,-0.8090169943749475,2.118033988749895],[-1,-0.8090169943749475,-2.118033988749895],[2.118033988749895,1,0.8090169943749475],[2.118033988749895,1,-0.8090169943749475],[2.118033988749895,-1,0.8090169943749475],[2.118033988749895,-1,-0.8090169943749475],[-2.118033988749895,1,0.8090169943749475],[-2.118033988749895,1,-0.8090169943749475],[-2.118033988749895,-1,0.8090169943749475],[-2.118033988749895,-1,-0.8090169943749475],[0.8090169943749475,2.118033988749895,1],[0.8090169943749475,2.118033988749895,-1],[0.8090169943749475,-2.118033988749895,1],[0.8090169943749475,-2.118033988749895,-1],[-0.8090169943749475,2.118033988749895,1],[-0.8090169943749475,2.118033988749895,-1],[-0.8090169943749475,-2.118033988749895,1],[-0.8090169943749475,-2.118033988749895,-1],[0.5,1.618033988749895,1.8090169943749475],[0.5,1.618033988749895,-1.8090169943749475],[0.5,-1.618033988749895,1.8090169943749475],[0.5,-1.618033988749895,-1.8090169943749475],[-0.5,1.618033988749895,1.8090169943749475],[-0.5,1.618033988749895,-1.8090169943749475],[-0.5,-1.618033988749895,1.8090169943749475],[-0.5,-1.618033988749895,-1.8090169943749475],[1.8090169943749475,0.5,1.618033988749895],[1.8090169943749475,0.5,-1.618033988749895],[1.8090169943749475,-0.5,1.618033988749895],[1.8090169943749475,-0.5,-1.618033988749895],[-1.8090169943749475,0.5,1.618033988749895],[-1.8090169943749475,0.5,-1.618033988749895],[-1.8090169943749475,-0.5,1.618033988749895],[-1.8090169943749475,-0.5,-1.618033988749895],[1.618033988749895,1.8090169943749475,0.5],[1.618033988749895,1.8090169943749475,-0.5],[1.618033988749895,-1.8090169943749475,0.5],[1.618033988749895,-1.8090169943749475,-0.5],[-1.618033988749895,1.8090169943749475,0.5],[-1.618033988749895,1.8090169943749475,-0.5],[-1.618033988749895,-1.8090169943749475,0.5],[-1.618033988749895,-1.8090169943749475,-0.5]],
	"faces": [[0,2,18,42,38,14],[1,3,17,41,37,13],[2,0,12,36,40,16],[3,1,15,39,43,19],[4,5,23,47,45,21],[5,4,20,44,46,22],[6,7,26,50,48,24],[7,6,25,49,51,27],[8,9,33,57,56,32],[9,8,28,52,53,29],[10,11,31,55,54,30],[11,10,34,58,59,35],[12,44,20,52,28,36],[13,37,29,53,21,45],[14,38,30,54,22,46],[15,47,23,55,31,39],[16,40,32,56,24,48],[17,49,25,57,33,41],[18,50,26,58,34,42],[19,43,35,59,27,51],[0,14,46,44,12],[1,13,45,47,15],[2,16,48,50,18],[3,19,51,49,17],[4,21,53,52,20],[5,22,54,55,23],[6,24,56,57,25],[7,27,59,58,26],[8,32,40,36,28],[9,29,37,41,33],[10,30,38,42,34],[11,35,43,39,31]]
}