{
	"vertices": [[1.2071067811865475,0.5,1.2071067811865475],[1.2071067811865475,0.5,-1.2071067811865475],[1.2071067811865475,-0.5,1.2071067811865475],[1.2071067811865475,-0.5,-1.2071067811865475],[-1.2071067811865475,0.5,1.2071067811865475],[-1.2071067811865475,0.5,-1.2071067811865475],[-1.2071067811865475,-0.5,1.2071067811865475],[-1.2071067811865475,-0.5,-1.2071067811865475],[1.2071067811865475,1.2071067811865475,0.5],[1.2071067811865475,1.2071067811865475,-0.5],[1.2071067811865475,-1.2071067811865475,0.5],[1.2071067811865475,-1.2071067811865475,-0.5],[-1.2071067811865475,1.2071067811865475,0.5],[-1.2071067811865475,1.2071067811865475,-0.5],[-1.2071067811865475,-1.2071067811865475,0.5],[-1.2071067811865475,-1.2071067811865475,-0.5],[0.5,1.2071067811865475,1.2071067811865475],[0.5,1.2071067811865475,-1.2071067811865475],[0.5,-1.2071067811865475,1.2071067811865475],[0.5,-1.2071067811865475,-1.2071067811865475],[-0.5,1.2071067811865475,1.2071067811865475],[-0.5,1.2071067811865475,-1.2071067811865475],[-0.5,-1.2071067811865475,1.2071067811865475],[-0.5,-1.2071067811865475,-1.2071067811865475]],
	"faces": [[0,2,10,11,3,1,9,8],[0,16,20,4,6,22,18,2],[12,13,5,7,15,14,6,4],[12,20,16,8,9,17,21,13],[19,23,7,5,21,17,1,3],[19,11,10,18,22,14,15,23],[0,8,16],[1,17,9],[2,18,10],[3,11,19],[4,20,12],[5,13,21],[6,14,22],[7,23,15]]
}