{
	"vertices": [
		[ 0.7071067811865476, 0.0, 0.7071067811865476],
		[ 0.7071067811865476, 0.0, -0.7071067811865476],
		[-0.7071067811865476, 0.0, 0.7071067811865476],
		[-0.7071067811865476, 0.0, -0.7071067811865476],
		[0.7071067811865476, 0.7071067811865476, 0.0],
		[0.7071067811865476, -0.7071067811865476, 0.0],
		[-0.7071067811865476, 0.7071067811865476, 0.0],
		[-0.7071067811865476, -0.7071067811865476, 0.0],
		[0.0, 0.7071067811865476, 0.7071067811865476],
		[0.0, 0.7071067811865476, -0.7071067811865476],
		[0.0, -0.7071067811865476, 0.7071067811865476],
		[0.0, -0.7071067811865476, -0.7071067811865476]
	],
	"faces": [[0,5,1,4],[0,8,2,10],[7,2,6,3],[7,11,5,10],[9,1,11,3],[9,6,8,4],[0,4,8],[1,5,11],[2,7,10],[3,6,9],[4,1,9],[5,0,10],[6,2,8],[7,3,11]]
}