{
	"vertices": [
		[1, 1, 1], [1, 1, -1], [1, -1, 1], [1, -1, -1],
		[-1, 1, 1], [-1, 1, -1], [-1, -1, 1], [-1, -1, -1],
		[0, 0.6180339887498949, 1.618033988749895], [0, 0.6180339887498949, -1.618033988749895], [0, -0.6180339887498949, 1.618033988749895], [0, -0.6180339887498949, -1.618033988749895],
		[1.618033988749895, 0, 0.6180339887498949], [1.618033988749895, 0, -0.6180339887498949], [-1.618033988749895, 0, 0.6180339887498949], [-1.618033988749895, 0, -0.6180339887498949],
		[0.6180339887498949, 1.618033988749895, 0], [0.6180339887498949, -1.618033988749895, 0], [-0.6180339887498949, 1.618033988749895, 0], [-0.6180339887498949, -1.618033988749895, 0]
	],
	"faces": [
		[0, 8, 4, 18, 16],
		[0, 8, 10, 2, 12],
		[0, 12, 13, 1, 16],
		[1, 9, 5, 18, 16],
		[1, 9, 11, 3, 13],
		[2, 10, 6, 19, 17],
		[2, 12, 13, 3, 17],
		[3, 11, 7, 19, 17],
		[4, 14, 6, 10, 8],
		[4, 14, 15, 5, 18],
		[5, 15, 7, 11, 9],
		[6, 14, 15, 7, 19]
	]
}