{
	"vertices": [[0,0,1.618033988749895],[0,0,-1.618033988749895],[1.618033988749895,0,0],[-1.618033988749895,0,0],[0,1.618033988749895,0],[0,-1.618033988749895,0],[0.5,0.8090169943749475,1.3090169943749475],[0.5,0.8090169943749475,-1.3090169943749475],[0.5,-0.8090169943749475,1.3090169943749475],[0.5,-0.8090169943749475,-1.3090169943749475],[-0.5,0.8090169943749475,1.3090169943749475],[-0.5,0.8090169943749475,-1.3090169943749475],[-0.5,-0.8090169943749475,1.3090169943749475],[-0.5,-0.8090169943749475,-1.3090169943749475],[1.3090169943749475,0.5,0.8090169943749475],[1.3090169943749475,0.5,-0.8090169943749475],[1.3090169943749475,-0.5,0.8090169943749475],[1.3090169943749475,-0.5,-0.8090169943749475],[-1.3090169943749475,0.5,0.8090169943749475],[-1.3090169943749475,0.5,-0.8090169943749475],[-1.3090169943749475,-0.5,0.8090169943749475],[-1.3090169943749475,-0.5,-0.8090169943749475],[0.8090169943749475,1.3090169943749475,0.5],[0.8090169943749475,1.3090169943749475,-0.5],[0.8090169943749475,-1.3090169943749475,0.5],[0.8090169943749475,-1.3090169943749475,-0.5],[-0.8090169943749475,1.3090169943749475,0.5],[-0.8090169943749475,1.3090169943749475,-0.5],[-0.8090169943749475,-1.3090169943749475,0.5],[-0.8090169943749475,-1.3090169943749475,-0.5]],
	"faces": [[0,8,16,14,6],[0,10,18,20,12],[1,7,15,17,9],[1,13,21,19,11],[2,15,23,22,14],[2,16,24,25,17],[3,18,26,27,19],[3,21,29,28,20],[4,23,7,11,27],[4,26,10,6,22],[5,24,8,12,28],[5,29,13,9,25],[0,6,10],[0,12,8],[1,9,13],[1,11,7],[2,14,16],[2,17,15],[3,19,21],[3,20,18],[4,22,23],[4,27,26],[5,25,24],[5,28,29],[6,14,22],[7,23,15],[8,24,16],[9,17,25],[10,26,18],[11,19,27],[12,20,28],[13,29,21]]
}