{
	"vertices": [
		[0, 1, 1.618033988749895], [0, 1, -1.618033988749895], [0, -1, 1.618033988749895], [0, -1, -1.618033988749895],
		[1, 1.618033988749895, 0], [1, -1.618033988749895, 0], [-1, 1.618033988749895, 0], [-1, -1.618033988749895, 0],
		[1.618033988749895, 0, 1], [1.618033988749895, 0, -1], [-1.618033988749895, 0, 1], [-1.618033988749895, 0, -1]
	],
	"faces": [
		[0, 2, 8],
		[0, 2, 10],
		[0, 4, 6],
		[0, 4, 8],
		[0, 6, 10],
		[1, 3, 9],
		[1, 3, 11],
		[1, 4, 6],
		[1, 4, 9],
		[1, 6, 11],
		[2, 5, 7],
		[2, 5, 8],
		[2, 7, 10],
		[3, 5, 7],
		[3, 5, 9],
		[3, 7, 11],
		[4, 8, 9],
		[5, 8, 9],
		[6, 10, 11],
		[7, 10, 11]
	]
}