{
	"vertices": [[0.5,0.5,1.2071067811865475],[0.5,0.5,-1.2071067811865475],[0.5,-0.5,1.2071067811865475],[0.5,-0.5,-1.2071067811865475],[-0.5,0.5,1.2071067811865475],[-0.5,0.5,-1.2071067811865475],[-0.5,-0.5,1.2071067811865475],[-0.5,-0.5,-1.2071067811865475],[1.2071067811865475,0.5,0.5],[1.2071067811865475,0.5,-0.5],[1.2071067811865475,-0.5,0.5],[1.2071067811865475,-0.5,-0.5],[-1.2071067811865475,0.5,0.5],[-1.2071067811865475,0.5,-0.5],[-1.2071067811865475,-0.5,0.5],[-1.2071067811865475,-0.5,-0.5],[0.5,1.2071067811865475,0.5],[0.5,1.2071067811865475,-0.5],[0.5,-1.2071067811865475,0.5],[0.5,-1.2071067811865475,-0.5],[-0.5,1.2071067811865475,0.5],[-0.5,1.2071067811865475,-0.5],[-0.5,-1.2071067811865475,0.5],[-0.5,-1.2071067811865475,-0.5]],
	"faces": [[0,4,6,2],[1,3,7,5],[8,10,11,9],[12,13,15,14],[16,17,21,20],[18,22,23,19],[0,2,10,8],[0,16,20,4],[7,3,19,23],[7,15,13,5],[11,3,1,9],[11,10,18,19],[12,14,6,4],[12,20,21,13],[17,1,5,21],[17,16,8,9],[22,14,15,23],[22,18,2,6],[0,8,16],[1,17,9],[2,18,10],[3,11,19],[4,20,12],[5,13,21],[6,14,22],[7,23,15]]
}