{
	"vertices": [[0.6212264105565853,0.33775397381375233,1.1426135089259621],[0.6212264105565853,-0.33775397381375233,-1.1426135089259621],[-0.6212264105565853,-0.33775397381375233,1.1426135089259621],[-0.6212264105565853,0.33775397381375233,-1.1426135089259621],[1.1426135089259621,0.6212264105565853,0.33775397381375233],[1.1426135089259621,-0.6212264105565853,-0.33775397381375233],[-1.1426135089259621,-0.6212264105565853,0.33775397381375233],[-1.1426135089259621,0.6212264105565853,-0.33775397381375233],[0.33775397381375233,1.1426135089259621,0.6212264105565853],[0.33775397381375233,-1.1426135089259621,-0.6212264105565853],[-0.33775397381375233,-1.1426135089259621,0.6212264105565853],[-0.33775397381375233,1.1426135089259621,-0.6212264105565853],[0.33775397381375233,-0.6212264105565853,1.1426135089259621],[0.33775397381375233,0.6212264105565853,-1.1426135089259621],[-0.33775397381375233,0.6212264105565853,1.1426135089259621],[-0.33775397381375233,-0.6212264105565853,-1.1426135089259621],[1.1426135089259621,-0.33775397381375233,0.6212264105565853],[1.1426135089259621,0.33775397381375233,-0.6212264105565853],[-1.1426135089259621,0.33775397381375233,0.6212264105565853],[-1.1426135089259621,-0.33775397381375233,-0.6212264105565853],[0.6212264105565853,-1.1426135089259621,0.33775397381375233],[0.6212264105565853,1.1426135089259621,-0.33775397381375233],[-0.6212264105565853,1.1426135089259621,0.33775397381375233],[-0.6212264105565853,-1.1426135089259621,-0.33775397381375233]],
	"faces": [[2,12,0,14],[3,13,1,15],[4,16,5,17],[7,19,6,18],[8,21,11,22],[9,20,10,23],[0,8,14],[1,9,15],[2,10,12],[3,11,13],[4,0,16],[5,1,17],[6,2,18],[7,3,19],[8,4,21],[9,5,20],[10,6,23],[11,7,22],[12,16,0],[13,17,1],[14,18,2],[15,19,3],[16,20,5],[17,21,4],[18,22,7],[19,23,6],[20,12,10],[21,13,11],[22,14,8],[23,15,9],[8,0,4],[9,1,5],[10,2,6],[11,3,7],[12,20,16],[13,21,17],[14,22,18],[15,23,19]]
}