{
	"vertices": [
		[ 0.3535533905932738, -0.3535533905932738, 1.0606601717798212],
		[ 0.3535533905932738, 0.3535533905932738, -1.0606601717798212],
		[-0.3535533905932738, 0.3535533905932738, 1.0606601717798212],
		[-0.3535533905932738, -0.3535533905932738, -1.0606601717798212],
		[ 1.0606601717798212, -0.3535533905932738, 0.3535533905932738],
		[ 1.0606601717798212, 0.3535533905932738, -0.3535533905932738],
		[-1.0606601717798212, 0.3535533905932738, 0.3535533905932738],
		[-1.0606601717798212, -0.3535533905932738, -0.3535533905932738],
		[ 0.3535533905932738, -1.0606601717798212, 0.3535533905932738],
		[ 0.3535533905932738, 1.0606601717798212, -0.3535533905932738],
		[-0.3535533905932738, 1.0606601717798212, 0.3535533905932738],
		[-0.3535533905932738, -1.0606601717798212, -0.3535533905932738]
	],
	"faces": [
		[0, 4, 5, 9, 10, 2],
		[1, 5, 4, 8, 11, 3],
		[2, 6, 7, 11, 8, 0],
		[3, 7, 6, 10, 9, 1],
		[0, 8, 4],
		[1, 9, 5],
		[2, 10, 6],
		[3, 11, 7]
	]
}