{
	"vertices": [[0.7071067811865476,0,1.4142135623730951],[0.7071067811865476,0,-1.4142135623730951],[-0.7071067811865476,0,1.4142135623730951],[-0.7071067811865476,0,-1.4142135623730951],[1.4142135623730951,0.7071067811865476,0],[1.4142135623730951,-0.7071067811865476,0],[-1.4142135623730951,0.7071067811865476,0],[-1.4142135623730951,-0.7071067811865476,0],[0,1.4142135623730951,0.7071067811865476],[0,1.4142135623730951,-0.7071067811865476],[0,-1.4142135623730951,0.7071067811865476],[0,-1.4142135623730951,-0.7071067811865476],[0,0.7071067811865476,1.4142135623730951],[0,0.7071067811865476,-1.4142135623730951],[0,-0.7071067811865476,1.4142135623730951],[0,-0.7071067811865476,-1.4142135623730951],[1.4142135623730951,0,0.7071067811865476],[1.4142135623730951,0,-0.7071067811865476],[-1.4142135623730951,0,0.7071067811865476],[-1.4142135623730951,0,-0.7071067811865476],[0.7071067811865476,1.4142135623730951,0],[0.7071067811865476,-1.4142135623730951,0],[-0.7071067811865476,1.4142135623730951,0],[-0.7071067811865476,-1.4142135623730951,0]],
	"faces": [[0,14,10,21,5,16],[1,13,9,20,4,17],[2,12,8,22,6,18],[3,15,11,23,7,19],[4,20,8,12,0,16],[5,21,11,15,1,17],[7,23,10,14,2,18],[6,22,9,13,3,19],[0,12,2,14],[1,15,3,13],[4,16,5,17],[6,19,7,18],[8,20,9,22],[10,23,11,21]]
}